"option_name","bytes"
"wp_installer_settings","104464"
"rewrite_rules","28114"
"theme_mods_flatsome-child","13936"
"wp_user_roles","10922"
"br_get_taxonomy_hierarchy_product_cat","5346"
"br_filters_options","5254"
"thwvs_swatches_advanced_settings","4841"
"woof_settings","4810"
"wpseo_titles","4351"
"sidebars_widgets","3950"
"cron","3718"
"vi_woo_product_variation_swatches_params","3564"
"itsec-storage","3225"
"theme_mods_flatsome","1956"
"widget_custom_html","1912"
"widget_woocommerce_products","1568"
"widget_woocommerce_product_categories","1390"
"quickbuy_options","1230"
"_transient_wc_attribute_taxonomies","1221"
"tadv_settings","1210"
"widget_flatsome_recent_posts","944"
"widget_block_widget","877"
"woocommerce_paypal_settings","814"
"wpseo_taxonomy_meta","803"
"widget_yith-woo-ajax-navigation","794"
"berocket_admin_notices","764"
"active_plugins","743"
"yith_system_info","679"
"wpseo","618"
"wpseo_social","569"
"woocommerce_bacs_settings","527"
"widget_categories","505"
"menu-icons","450"
"widget_woocommerce_layered_nav","435"
"yit_wcan_options","410"
"widget_woocommerce_recently_viewed_products","394"
"widget_nav_menu","394"
"widget_null-instagram-feed","388"
"woocommerce_bacs_accounts","376"
"theme_mods_twentytwenty","322"
"wp_smtp_options","316"
"widget_text","303"
"widget_woof_widget","277"
"woocommerce_cod_settings","274"
"widget_recent-posts","258"
"widget_archives","239"
"widget_pages","227"
"widget_woocommerce_price_filter","213"
"pum_privacy_cookie_list","205"
"widget_woocommerce_product_tag_cloud","200"
"woocommerce_permalinks","190"
"woocommerce_registration_privacy_policy_text","175"
"widget_woocommerce_layered_nav_filters","170"
"_pum_installed_themes","169"
"wpcf7","162"
"woocommerce_checkout_privacy_policy_text","161"
"widget_woocommerce_top_rated_products","160"
"itsec_active_modules","155"
"themeisle_sdk_notifications","155"
"pum_all_theme_close_text_cache","150"
"widget_recent-comments","148"
"tadv_admin_settings","145"
"widget_tag_cloud","128"
"widget_woocommerce_rating_filter","118"
"widget_woocommerce_widget_cart","110"
"yit_recently_activated","110"
"ot_vm","107"
"widget_upsell_widget","106"
"widget_woocommerce_recent_reviews","105"
"woocommerce_free_shipping_2_settings","96"
"widget_search","94"
"cf7_pum_8","94"
"cf7_pum_9","94"
"berocket_framework_option_global","92"
"popmake_settings","76"
"woocommerce_gateway_order","69"
"widget_calendar","60"
"widget_meta","59"
"berocket_admin_notices_rate_stars","56"
"recently_activated","54"
"widget_rss","40"
"widget_yith-woo-ajax-reset-navigation","40"
"BeRocket_Framework_plugins_version_check","40"
"siteurl","39"
"home","39"
"woocommerce_admin_notices","38"
"nav_menu_options","35"
"pum_completed_upgrades","34"
"thwvs_swatches_design_settings","33"
"yit_plugin_fw_panel_wc_default_options_set","33"
"woocommerce_maybe_regenerate_images_hash","32"
"berocket_aapf_filters_setup_wizard_list","31"
"widget_woocommerce_product_search","30"
"widget_tn_diemban","30"
"widget_media_audio","30"
"widget_media_image","30"
"widget_media_gallery","30"
"widget_media_video","30"
"widget_nextend_social_login","30"
"widget_berocket_aapf_widget","30"
"widget_berocket_aapf_group","30"
"widget_berocket_aapf_single","30"
"woocommerce_cheque_settings","29"
"blogname","27"
"woocommerce_myaccount_set_default_payment_method_endpoint","26"
"ping_sites","26"
"installer_repositories_with_theme","24"
"woocommerce_myaccount_delete_payment_method_endpoint","21"
"admin_email","21"
"new_admin_email","20"
"pum_installed_on","19"
"pum_reviews_installed_on","19"
"woocommerce_myaccount_add_payment_method_endpoint","18"
"mailserver_login","17"
"mailserver_url","16"
"yith_wcbr_brands_label","16"
"woocommerce_myaccount_payment_methods_endpoint","15"
"woocommerce_logout_endpoint","15"
"woocommerce_checkout_order_received_endpoint","14"
"stylesheet","14"
"berocket_key_activated_plugins","14"
"current_theme","14"
"fl_has_child_theme","14"
"woocommerce_store_address_2","14"
"woocommerce_myaccount_lost_password_endpoint","13"
"woocommerce_myaccount_edit_account_endpoint","12"
"woocommerce_myaccount_edit_address_endpoint","12"
"links_updated_date_format","12"
"permalink_structure","12"
"woocommerce_default_customer_address","11"
"woocommerce_myaccount_view_order_endpoint","10"
"berocket_last_close_notices_time","10"
"woocommerce_sales_record_date","10"
"pum-has-cached-css","10"
"pum-has-cached-js","10"
"default_role","10"
"_transient_product_query-transient-version","10"
"admin_email_lifespan","10"
"envato_setup_complete","10"
"_transient_shipping-transient-version","10"
"recovery_mode_email_last_sent","10"
"wc_admin_install_timestamp","10"
"woof_alert_rev","10"
"_transient_product-transient-version","10"
"woocommerce_store_address","10"
"menu_icons_install","10"
"_transient_orders-transient-version","10"
"_transient_woocommerce_reports-transient-version","10"
"woocommerce_myaccount_downloads_endpoint","9"
"html_type","9"
"yith_wcwl_button_position","9"
"woocommerce_store_city","9"
"woocommerce_checkout_pay_endpoint","9"
"mailserver_pass","8"
"template","8"
"woocommerce_tax_based_on","8"
"avatar_default","7"
"br_filters_version","7"
"woocommerce_shipping_tax_class","7"
"woocommerce_myaccount_orders_endpoint","6"
"pum_version","6"
"woocommerce_sales_record_amount","6"
"pum_ver","6"
"pum_initial_version","6"
"default_comment_status","6"
"default_ping_status","6"
"yith_product_brand_children","6"
"_transient_woocommerce_webhook_ids_status_active","6"
"woocommerce_meta_box_errors","6"
"default_comments_page","6"
"sticky_posts","6"
"featured_item_category_children","6"
"recovery_keys","6"
"wc_admin_version","6"
"album-cate_children","6"
"nsl-version","6"
"woocommerce_store_postcode","6"
"woocommerce_all_except_countries","6"
"woocommerce_specific_allowed_countries","6"
"woocommerce_specific_ship_to_countries","6"
"product_cat_children","6"
"category_children","6"
"pum_ver_upgraded_from","5"
"date_format","5"
"blog_charset","5"
"db_version","5"
"acf_version","5"
"initial_db_version","5"
"woof_version","5"
"woocommerce_version","5"
"woocommerce_db_version","5"
"woosidebars-version","5"
"woocommerce_currency_pos","5"
"show_on_front","4"
"large_size_w","4"
"image_default_link_type","4"
"woocommerce_product_type","4"
"tadv_version","4"
"woocommerce_shop_page_id","4"
"woocommerce_placeholder_image","4"
"woocommerce_tax_display_shop","4"
"woocommerce_tax_display_cart","4"
"woocommerce_single_image_width","3"
"woocommerce_thumbnail_image_width","3"
"mailserver_port","3"
"woocommerce_checkout_highlight_required_fields","3"
"current_theme_supports_woocommerce","3"
"woocommerce_thumbnail_cropping","3"
"posts_per_page","3"
"time_format","3"
"thumbnail_size_w","3"
"thumbnail_size_h","3"
"medium_size_w","3"
"medium_size_h","3"
"large_size_h","3"
"comment_order","3"
"page_on_front","3"
"medium_large_size_w","3"
"woocommerce_allowed_countries","3"
"woocommerce_enable_coupons","3"
"woocommerce_currency","3"
"woocommerce_enable_ajax_add_to_cart","3"
"woocommerce_enable_reviews","3"
"woocommerce_enable_review_rating","3"
"woocommerce_manage_stock","3"
"menu_icons_review_flag","2"
"posts_per_rss","2"
"woocommerce_api_enabled","2"
"woocommerce_queue_flush_rewrite_rules","2"
"default_product_cat","2"
"pum_total_open_count","2"
"close_comments_days_old","2"
"comments_per_page","2"
"WPLANG","2"
"menu_icons_logger_flag","2"
"menu_icons_translate_flag","2"
"woocommerce_default_country","2"
"woocommerce_calc_taxes","2"
"woocommerce_cart_redirect_after_add","2"
"woocommerce_weight_unit","2"
"woocommerce_dimension_unit","2"
"woocommerce_hide_out_of_stock_items","2"
"woocommerce_prices_include_tax","2"
"woocommerce_tax_round_at_subtotal","2"
"woocommerce_shipping_cost_requires_address","2"
"woocommerce_shipping_debug_mode","2"
"woocommerce_force_ssl_checkout","2"
"woocommerce_unforce_ssl_checkout","2"
"users_can_register","1"
"start_of_week","1"
"use_balanceTags","1"
"use_smilies","1"
"require_name_email","1"
"pum_files_writeable","1"
"comments_notify","1"
"_pum_writeable_notice_dismissed","1"
"rss_use_excerpt","1"
"pum_db_ver","1"
"default_category","1"
"product-variations-swatches-for-woocommerce_start_use","1"
"moderation_notify","1"
"pum_seen_welcome","1"
"woocommerce_thumbnail_cropping_custom_height","1"
"_pum_installed","1"
"hack_file","1"
"comment_max_links","1"
"gmt_offset","1"
"default_email_category","1"
"comment_whitelist","1"
"use_trackback","1"
"uploads_use_yearmonth_folders","1"
"blog_public","1"
"default_link_category","1"
"show_avatars","1"
"avatar_rating","1"
"thumbnail_crop","1"
"thread_comments","1"
"thread_comments_depth","1"
"page_for_posts","1"
"default_post_format","1"
"link_manager_enabled","1"
"finished_splitting_shared_terms","1"
"site_icon","1"
"medium_large_size_h","1"
"show_comments_cookies_opt_in","1"
"fresh_site","1"
"woof_first_init","1"
"woof_set_automatically","1"
"woof_autosubmit","1"
"woof_show_count","1"
"woof_show_count_dynamic","1"
"woof_hide_dynamic_empty_pos","1"
"woof_try_ajax","1"
"woof_checkboxes_slide","1"
"woof_hide_red_top_panel","1"
"woof_sort_terms_checked","1"
"yith_plugin_fw_promo_2019_bis","1"
"woocommerce_thumbnail_cropping_custom_width","1"
"woocommerce_price_thousand_sep","1"
"woocommerce_price_decimal_sep","1"
"woocommerce_price_num_decimals","1"
"woocommerce_notify_no_stock_amount","1"
"berocket_filter_open_wizard_on_settings","1"
"wc_admin_last_orders_milestone","1"
"blogdescription","0"
"default_pingback_flag","0"
"comment_moderation","0"
"category_base","0"
"comment_registration","0"
"upload_path","0"
"tag_base","0"
"upload_url_path","0"
"image_default_size","0"
"image_default_align","0"
"close_comments_for_old_posts","0"
"page_comments","0"
"timezone_string","0"
"wp_page_for_privacy_policy","0"
"woof_filter_btn_txt","0"
"woof_reset_btn_txt","0"
"woocommerce_shop_page_display","0"
"theme_switched","0"
"woocommerce_ship_to_countries","0"
"woocommerce_stock_format","0"
"berocket_current_displayed_notice","0"
"woocommerce_tax_classes","0"
"woocommerce_price_display_suffix","0"
"tnsetting_footerconent","0"
